{"cameraMode":{"drawMode":0,"name":"Shaded","section":"Shading Mode"},"sceneLighting":false,"audioPlay":false,"sceneViewState":{"showFog":true,"showMaterialUpdate":false,"showSkybox":true,"showFlares":true,"showImageEffects":true,"showParticleSystems":true},"in2DMode":false,"pivot":{"x":-52.001338958740237,"y":36.63774490356445,"z":-76.33668518066406},"rotation":{"x":-0.2820230722427368,"y":-0.34156325459480288,"z":0.11099650710821152,"w":-0.8900231122970581},"size":2.8578836917877199,"orthographic":false}