{"cameraMode":{"drawMode":0,"name":"Shaded","section":"Shading Mode"},"sceneLighting":false,"audioPlay":false,"sceneViewState":{"showFog":true,"showMaterialUpdate":false,"showSkybox":false,"showFlares":true,"showImageEffects":true,"showParticleSystems":true},"in2DMode":false,"pivot":{"x":-16.959596633911134,"y":3.5488085746765138,"z":-67.33025360107422},"rotation":{"x":-0.0708003044128418,"y":0.03275875747203827,"z":-0.00019410025561228395,"w":-0.9972372055053711},"size":2.646804094314575,"orthographic":false}