{"cameraMode":{"drawMode":0,"name":"Shaded","section":"Shading Mode"},"sceneLighting":false,"audioPlay":false,"sceneViewState":{"showFog":true,"showMaterialUpdate":false,"showSkybox":true,"showFlares":true,"showImageEffects":true,"showParticleSystems":true},"in2DMode":false,"pivot":{"x":-45.73139190673828,"y":37.349876403808597,"z":-14.183874130249024},"rotation":{"x":0.1154465451836586,"y":0.043859515339136127,"z":-0.004979470744729042,"w":0.9923799633979797},"size":49.70597457885742,"orthographic":false}