{"cameraMode":{"drawMode":0,"name":"Shaded","section":"Shading Mode"},"sceneLighting":true,"audioPlay":false,"sceneViewState":{"showFog":true,"showMaterialUpdate":false,"showSkybox":true,"showFlares":true,"showImageEffects":true,"showParticleSystems":true},"in2DMode":false,"pivot":{"x":-5.956759929656982,"y":-0.07215964794158936,"z":88.19916534423828},"rotation":{"x":-0.0048100329004228119,"y":0.00014910435129422694,"z":-0.0003103378985542804,"w":-1.0002391338348389},"size":252.38710021972657,"orthographic":false}