{"cameraMode":{"drawMode":0,"name":"Shaded","section":"Shading Mode"},"sceneLighting":false,"audioPlay":false,"sceneViewState":{"showFog":true,"showMaterialUpdate":false,"showSkybox":false,"showFlares":true,"showImageEffects":true,"showParticleSystems":true},"in2DMode":false,"pivot":{"x":-7.186460494995117,"y":5.190000057220459,"z":-119.6097412109375},"rotation":{"x":-0.004436103627085686,"y":0.6895837783813477,"z":-0.004491342231631279,"w":-0.7244570851325989},"size":4.696207523345947,"orthographic":false}