{"cameraMode":{"drawMode":0,"name":"Shaded","section":"Shading Mode"},"sceneLighting":false,"audioPlay":false,"sceneViewState":{"showFog":true,"showMaterialUpdate":false,"showSkybox":true,"showFlares":true,"showImageEffects":true,"showParticleSystems":true},"in2DMode":false,"pivot":{"x":27.412338256835939,"y":-40.12728500366211,"z":149.0748291015625},"rotation":{"x":0.02130764164030552,"y":0.023164046928286554,"z":-0.00019283439905848354,"w":0.9995629191398621},"size":377.2237854003906,"orthographic":false}