{"cameraMode":{"drawMode":0,"name":"Shaded","section":"Shading Mode"},"sceneLighting":false,"audioPlay":false,"sceneViewState":{"showFog":true,"showMaterialUpdate":false,"showSkybox":false,"showFlares":true,"showImageEffects":true,"showParticleSystems":true},"in2DMode":false,"pivot":{"x":-10.464825630187989,"y":1.7864055633544922,"z":-110.73846435546875},"rotation":{"x":0.3654598295688629,"y":0.33080601692199709,"z":-0.14065104722976685,"w":0.8587642312049866},"size":5.049048900604248,"orthographic":false}