{"cameraMode":{"drawMode":0,"name":"Shaded","section":"Shading Mode"},"sceneLighting":false,"audioPlay":false,"sceneViewState":{"showFog":true,"showMaterialUpdate":false,"showSkybox":true,"showFlares":true,"showImageEffects":true,"showParticleSystems":true},"in2DMode":false,"pivot":{"x":-39.62921905517578,"y":-3.4563474655151369,"z":-61.29399871826172},"rotation":{"x":0.20877180993556977,"y":0.16263775527477265,"z":-0.03510696440935135,"w":0.9637546539306641},"size":572.7594604492188,"orthographic":false}