{"cameraMode":{"drawMode":0,"name":"Shaded","section":"Shading Mode"},"sceneLighting":false,"audioPlay":false,"sceneViewState":{"showFog":true,"showMaterialUpdate":false,"showSkybox":true,"showFlares":true,"showImageEffects":true,"showParticleSystems":true},"in2DMode":false,"pivot":{"x":1.6663169860839844,"y":-49.47785949707031,"z":73.90577697753906},"rotation":{"x":-0.21888567507266999,"y":-0.15216758847236634,"z":0.037256769835948947,"w":-0.9634451866149902},"size":420.82745361328127,"orthographic":false}