{"cameraMode":{"drawMode":0,"name":"Shaded","section":"Shading Mode"},"sceneLighting":false,"audioPlay":false,"sceneViewState":{"showFog":true,"showMaterialUpdate":false,"showSkybox":true,"showFlares":true,"showImageEffects":true,"showParticleSystems":true},"in2DMode":false,"pivot":{"x":-10.039772987365723,"y":0.17838478088378907,"z":-82.90399169921875},"rotation":{"x":0.24819526076316834,"y":0.009424152784049511,"z":-0.0021662218496203424,"w":0.9687404036521912},"size":151.6317138671875,"orthographic":false}