{"cameraMode":{"drawMode":0,"name":"Shaded","section":"Shading Mode"},"sceneLighting":false,"audioPlay":false,"sceneViewState":{"showFog":true,"showMaterialUpdate":false,"showSkybox":true,"showFlares":true,"showImageEffects":true,"showParticleSystems":true},"in2DMode":false,"pivot":{"x":112.34362030029297,"y":54.55950927734375,"z":10.9859619140625},"rotation":{"x":-0.04063690826296806,"y":-0.04908419027924538,"z":0.004525474272668362,"w":-0.9982958436012268},"size":379.84063720703127,"orthographic":false}