{"cameraMode":{"drawMode":0,"name":"Shaded","section":"Shading Mode"},"sceneLighting":false,"audioPlay":false,"sceneViewState":{"showFog":true,"showMaterialUpdate":false,"showSkybox":true,"showFlares":true,"showImageEffects":true,"showParticleSystems":true},"in2DMode":false,"pivot":{"x":18.62837791442871,"y":-10.243877410888672,"z":-118.27821350097656},"rotation":{"x":0.1806773543357849,"y":0.7915906310081482,"z":-0.2778785526752472,"w":0.5135482549667358},"size":165.50819396972657,"orthographic":false}