{"cameraMode":{"drawMode":0,"name":"Shaded","section":"Shading Mode"},"sceneLighting":true,"audioPlay":false,"sceneViewState":{"showFog":true,"showMaterialUpdate":false,"showSkybox":true,"showFlares":true,"showImageEffects":true,"showParticleSystems":true},"in2DMode":false,"pivot":{"x":-44.4443359375,"y":34.8349609375,"z":-22.984375},"rotation":{"x":0.00011457409709692001,"y":-0.2377152442932129,"z":0.001765705063007772,"w":-0.9716042280197144},"size":98.4476089477539,"orthographic":true}