{"cameraMode":{"drawMode":0,"name":"Shaded","section":"Shading Mode"},"sceneLighting":false,"audioPlay":false,"sceneViewState":{"showFog":true,"showMaterialUpdate":false,"showSkybox":true,"showFlares":true,"showImageEffects":true,"showParticleSystems":true},"in2DMode":false,"pivot":{"x":142.5655059814453,"y":75.04104614257813,"z":-455.0120849609375},"rotation":{"x":-0.16148796677589417,"y":-0.03640953078866005,"z":0.005962032824754715,"w":-0.9861849546432495},"size":469.2283630371094,"orthographic":false}