{"cameraMode":{"drawMode":0,"name":"Shaded","section":"Shading Mode"},"sceneLighting":true,"audioPlay":false,"sceneViewState":{"showFog":true,"showMaterialUpdate":false,"showSkybox":true,"showFlares":true,"showImageEffects":true,"showParticleSystems":true},"in2DMode":false,"pivot":{"x":-46.53582000732422,"y":-25.271682739257814,"z":-7.7175140380859379},"rotation":{"x":-0.2212759107351303,"y":-0.06999439746141434,"z":0.01812014728784561,"w":-0.9728192687034607},"size":256.6318664550781,"orthographic":false}