{"cameraMode":{"drawMode":0,"name":"Shaded","section":"Shading Mode"},"sceneLighting":true,"audioPlay":false,"sceneViewState":{"showFog":true,"showMaterialUpdate":false,"showSkybox":true,"showFlares":true,"showImageEffects":true,"showParticleSystems":true},"in2DMode":false,"pivot":{"x":1.44207763671875,"y":-1.402283787727356,"z":-121.77987670898438},"rotation":{"x":0.10963817685842514,"y":0.6650464534759522,"z":-0.09982520341873169,"w":0.7320761680603027},"size":29.702404022216798,"orthographic":false}