{"cameraMode":{"drawMode":0,"name":"Shaded","section":"Shading Mode"},"sceneLighting":false,"audioPlay":false,"sceneViewState":{"showFog":true,"showMaterialUpdate":false,"showSkybox":false,"showFlares":true,"showImageEffects":true,"showParticleSystems":true},"in2DMode":false,"pivot":{"x":40.154624938964847,"y":3.0667357444763185,"z":18.373384475708009},"rotation":{"x":0.2865343689918518,"y":-0.1778838038444519,"z":0.053862065076828,"w":0.9400196671485901},"size":72.78021240234375,"orthographic":false}