{"cameraMode":{"drawMode":0,"name":"Shaded","section":"Shading Mode"},"sceneLighting":false,"audioPlay":false,"sceneViewState":{"showFog":true,"showMaterialUpdate":false,"showSkybox":false,"showFlares":true,"showImageEffects":true,"showParticleSystems":true},"in2DMode":false,"pivot":{"x":-30.700000762939454,"y":1.2599999904632569,"z":-117.0},"rotation":{"x":0.0978735163807869,"y":0.7404773831367493,"z":-0.11141090840101242,"w":0.6558756232261658},"size":15.047611236572266,"orthographic":false}