{"cameraMode":{"drawMode":0,"name":"Shaded","section":"Shading Mode"},"sceneLighting":false,"audioPlay":false,"sceneViewState":{"showFog":true,"showMaterialUpdate":false,"showSkybox":false,"showFlares":true,"showImageEffects":true,"showParticleSystems":true},"in2DMode":false,"pivot":{"x":7.520536422729492,"y":-4.6202392578125,"z":4.0601043701171879},"rotation":{"x":-0.011262094601988793,"y":-0.8464187979698181,"z":0.5322079658508301,"w":-0.018021447584033014},"size":68.36103820800781,"orthographic":false}