{"cameraMode":{"drawMode":0,"name":"Shaded","section":"Shading Mode"},"sceneLighting":false,"audioPlay":false,"sceneViewState":{"showFog":true,"showMaterialUpdate":false,"showSkybox":false,"showFlares":true,"showImageEffects":true,"showParticleSystems":true},"in2DMode":false,"pivot":{"x":-47.99839401245117,"y":-9.090535163879395,"z":-4.9076714515686039},"rotation":{"x":0.33677613735198977,"y":0.3175431191921234,"z":-0.12208053469657898,"w":0.8781383037567139},"size":86.79175567626953,"orthographic":false}