{"cameraMode":{"drawMode":0,"name":"Shaded","section":"Shading Mode"},"sceneLighting":false,"audioPlay":false,"sceneViewState":{"showFog":true,"showMaterialUpdate":false,"showSkybox":false,"showFlares":true,"showImageEffects":true,"showParticleSystems":true},"in2DMode":false,"pivot":{"x":20.942852020263673,"y":-20.622913360595704,"z":-40.516761779785159},"rotation":{"x":-0.02361600659787655,"y":-0.9594581127166748,"z":0.2674722969532013,"w":-0.08737610280513764},"size":110.56515502929688,"orthographic":false}