{"cameraMode":{"drawMode":0,"name":"Shaded","section":"Shading Mode"},"sceneLighting":false,"audioPlay":false,"sceneViewState":{"showFog":true,"showMaterialUpdate":false,"showSkybox":false,"showFlares":true,"showImageEffects":true,"showParticleSystems":true},"in2DMode":false,"pivot":{"x":-10.302486419677735,"y":-23.004981994628908,"z":0.9216575622558594},"rotation":{"x":0.037452708929777148,"y":-0.77823406457901,"z":0.6252255439758301,"w":0.046511780470609668},"size":154.4999542236328,"orthographic":false}