{"cameraMode":{"drawMode":0,"name":"Shaded","section":"Shading Mode"},"sceneLighting":false,"audioPlay":false,"sceneViewState":{"showFog":true,"showMaterialUpdate":false,"showSkybox":false,"showFlares":true,"showImageEffects":true,"showParticleSystems":true},"in2DMode":false,"pivot":{"x":13.141374588012696,"y":-45.932373046875,"z":60.44525146484375},"rotation":{"x":-0.0465552918612957,"y":-0.806213915348053,"z":0.586414635181427,"w":-0.06510987877845764},"size":634.7774047851563,"orthographic":false}