{"cameraMode":{"drawMode":0,"name":"Shaded","section":"Shading Mode"},"sceneLighting":true,"audioPlay":false,"sceneViewState":{"showFog":true,"showMaterialUpdate":false,"showSkybox":true,"showFlares":true,"showImageEffects":true,"showParticleSystems":true},"in2DMode":false,"pivot":{"x":0.11558055877685547,"y":-7.26445198059082,"z":153.0576629638672},"rotation":{"x":-0.1644955426454544,"y":0.030628560110926629,"z":-0.0051058204844594,"w":-0.9860019683837891},"size":341.4628601074219,"orthographic":false}