{"cameraMode":{"drawMode":0,"name":"Shaded","section":"Shading Mode"},"sceneLighting":false,"audioPlay":false,"sceneViewState":{"showFog":true,"showMaterialUpdate":false,"showSkybox":false,"showFlares":true,"showImageEffects":true,"showParticleSystems":true},"in2DMode":false,"pivot":{"x":9.828474044799805,"y":9.03374195098877,"z":-26.676773071289064},"rotation":{"x":0.10574434697628021,"y":-0.8767786622047424,"z":0.2229788452386856,"w":0.4132438600063324},"size":11.002607345581055,"orthographic":false}