{"cameraMode":{"drawMode":0,"name":"Shaded","section":"Shading Mode"},"sceneLighting":false,"audioPlay":false,"sceneViewState":{"showFog":true,"showMaterialUpdate":false,"showSkybox":false,"showFlares":true,"showImageEffects":true,"showParticleSystems":true},"in2DMode":false,"pivot":{"x":-10.300000190734864,"y":1.6469639539718629,"z":-114.44839477539063},"rotation":{"x":-0.1708269566297531,"y":-0.67190021276474,"z":0.1636417955160141,"w":-0.7019389271736145},"size":3.4573869705200197,"orthographic":false}