{"cameraMode":{"drawMode":0,"name":"Shaded","section":"Shading Mode"},"sceneLighting":false,"audioPlay":false,"sceneViewState":{"showFog":true,"showMaterialUpdate":false,"showSkybox":false,"showFlares":true,"showImageEffects":true,"showParticleSystems":true},"in2DMode":false,"pivot":{"x":10.058025360107422,"y":-26.45315933227539,"z":-0.8916933536529541},"rotation":{"x":0.3915247917175293,"y":0.01442244928330183,"z":-0.006022875662893057,"w":0.9201098680496216},"size":91.58981323242188,"orthographic":false}