{"cameraMode":{"drawMode":0,"name":"Shaded","section":"Shading Mode"},"sceneLighting":false,"audioPlay":false,"sceneViewState":{"showFog":true,"showMaterialUpdate":false,"showSkybox":false,"showFlares":true,"showImageEffects":true,"showParticleSystems":true},"in2DMode":false,"pivot":{"x":-44.99400329589844,"y":1.274749994277954,"z":0.0015573501586914063},"rotation":{"x":-0.1369742602109909,"y":-0.8096296191215515,"z":0.20872445404529572,"w":-0.5313124060630798},"size":109.06835174560547,"orthographic":false}