{"cameraMode":{"drawMode":0,"name":"Shaded","section":"Shading Mode"},"sceneLighting":false,"audioPlay":false,"sceneViewState":{"showFog":true,"showMaterialUpdate":false,"showSkybox":false,"showFlares":true,"showImageEffects":true,"showParticleSystems":true},"in2DMode":false,"pivot":{"x":113.31120300292969,"y":0.6911468505859375,"z":-0.8083419799804688},"rotation":{"x":-0.04699284955859184,"y":-0.7565497159957886,"z":0.6500312089920044,"w":-0.054805196821689609},"size":66.56111907958985,"orthographic":false}