{"cameraMode":{"drawMode":0,"name":"Shaded","section":"Shading Mode"},"sceneLighting":false,"audioPlay":false,"sceneViewState":{"showFog":true,"showMaterialUpdate":false,"showSkybox":false,"showFlares":true,"showImageEffects":true,"showParticleSystems":true},"in2DMode":false,"pivot":{"x":325.0369873046875,"y":1.274749994277954,"z":0.006923675537109375},"rotation":{"x":0.01239393837749958,"y":-0.8723688125610352,"z":0.48831862211227419,"w":0.021995309740304948},"size":74.17552185058594,"orthographic":false}