{"cameraMode":{"drawMode":0,"name":"Shaded","section":"Shading Mode"},"sceneLighting":false,"audioPlay":false,"sceneViewState":{"showFog":true,"showMaterialUpdate":false,"showSkybox":false,"showFlares":true,"showImageEffects":true,"showParticleSystems":true},"in2DMode":false,"pivot":{"x":45.61787796020508,"y":24.753173828125,"z":3.94708251953125},"rotation":{"x":0.20790429413318635,"y":-0.7223471403121948,"z":0.6129106283187866,"w":0.2441333532333374},"size":206.86093139648438,"orthographic":false}