{"cameraMode":{"drawMode":0,"name":"Shaded","section":"Shading Mode"},"sceneLighting":false,"audioPlay":false,"sceneViewState":{"showFog":true,"showMaterialUpdate":false,"showSkybox":false,"showFlares":true,"showImageEffects":true,"showParticleSystems":true},"in2DMode":false,"pivot":{"x":-16.939720153808595,"y":-1.36737060546875,"z":-6.231812477111816},"rotation":{"x":0.024590931832790376,"y":-0.8227441906929016,"z":0.5668708086013794,"w":0.0355629101395607},"size":125.62350463867188,"orthographic":false}