{"cameraMode":{"drawMode":0,"name":"Shaded","section":"Shading Mode"},"sceneLighting":false,"audioPlay":false,"sceneViewState":{"showFog":true,"showMaterialUpdate":false,"showSkybox":false,"showFlares":true,"showImageEffects":true,"showParticleSystems":true},"in2DMode":false,"pivot":{"x":234.951171875,"y":1.274749994277954,"z":0.06189537048339844},"rotation":{"x":-0.009958086535334587,"y":-0.801547646522522,"z":0.5977970361709595,"w":-0.01347152329981327},"size":75.7167739868164,"orthographic":false}