{"cameraMode":{"drawMode":0,"name":"Shaded","section":"Shading Mode"},"sceneLighting":false,"audioPlay":false,"sceneViewState":{"showFog":true,"showMaterialUpdate":false,"showSkybox":false,"showFlares":true,"showImageEffects":true,"showParticleSystems":true},"in2DMode":false,"pivot":{"x":-22.0,"y":1.8799998760223389,"z":-130.3509979248047},"rotation":{"x":0.2990669310092926,"y":0.4690784215927124,"z":-0.17323337495326997,"w":0.8130105137825012},"size":11.332788467407227,"orthographic":false}