{"cameraMode":{"drawMode":0,"name":"Shaded","section":"Shading Mode"},"sceneLighting":false,"audioPlay":false,"sceneViewState":{"showFog":true,"showMaterialUpdate":false,"showSkybox":false,"showFlares":true,"showImageEffects":true,"showParticleSystems":true},"in2DMode":false,"pivot":{"x":-7.961236000061035,"y":-50.893768310546878,"z":26.74107551574707},"rotation":{"x":-0.013674512505531311,"y":-0.6525493264198303,"z":0.7576954364776611,"w":-0.012646527960896492},"size":189.99830627441407,"orthographic":false}