{"cameraMode":{"drawMode":0,"name":"Shaded","section":"Shading Mode"},"sceneLighting":true,"audioPlay":false,"sceneViewState":{"showFog":true,"showMaterialUpdate":false,"showSkybox":true,"showFlares":true,"showImageEffects":true,"showParticleSystems":true},"in2DMode":false,"pivot":{"x":-9.016120910644532,"y":-49.39158630371094,"z":-3.9848694801330568},"rotation":{"x":-0.40794044733047488,"y":-0.573835015296936,"z":0.39795729517936709,"w":-0.5883411169052124},"size":412.6119384765625,"orthographic":false}