{"cameraMode":{"drawMode":0,"name":"Shaded","section":"Shading Mode"},"sceneLighting":false,"audioPlay":false,"sceneViewState":{"showFog":true,"showMaterialUpdate":false,"showSkybox":false,"showFlares":true,"showImageEffects":true,"showParticleSystems":true},"in2DMode":false,"pivot":{"x":-23.98836326599121,"y":-7.27714204788208,"z":-10.467845916748047},"rotation":{"x":0.39433160424232485,"y":0.002526117954403162,"z":-0.001140821143053472,"w":0.9190475940704346},"size":61.17973709106445,"orthographic":false}