{"cameraMode":{"drawMode":0,"name":"Shaded","section":"Shading Mode"},"sceneLighting":true,"audioPlay":false,"sceneViewState":{"showFog":true,"showMaterialUpdate":false,"showSkybox":true,"showFlares":true,"showImageEffects":true,"showParticleSystems":true},"in2DMode":false,"pivot":{"x":-50.13692855834961,"y":-32.59819793701172,"z":-30.83924674987793},"rotation":{"x":0.5819241404533386,"y":0.1955031454563141,"z":-0.14776307344436646,"w":0.7757530212402344},"size":361.0622253417969,"orthographic":false}