{"cameraMode":{"drawMode":0,"name":"Shaded","section":"Shading Mode"},"sceneLighting":true,"audioPlay":false,"sceneViewState":{"showFog":true,"showMaterialUpdate":false,"showSkybox":true,"showFlares":true,"showImageEffects":true,"showParticleSystems":true},"in2DMode":false,"pivot":{"x":-30.6012020111084,"y":1.309273600578308,"z":-119.76689910888672},"rotation":{"x":0.09444613009691239,"y":-0.7531508207321167,"z":0.11044757813215256,"w":0.6419247984886169},"size":41.54818344116211,"orthographic":false}