{"cameraMode":{"drawMode":0,"name":"Shaded","section":"Shading Mode"},"sceneLighting":false,"audioPlay":false,"sceneViewState":{"showFog":true,"showMaterialUpdate":false,"showSkybox":false,"showFlares":true,"showImageEffects":true,"showParticleSystems":true},"in2DMode":false,"pivot":{"x":-44.99400329589844,"y":1.274749994277954,"z":0.0015573501586914063},"rotation":{"x":0.586880624294281,"y":0.016535669565200807,"z":-0.012037166394293309,"w":0.8094908595085144},"size":239.12933349609376,"orthographic":false}