{"cameraMode":{"drawMode":0,"name":"Shaded","section":"Shading Mode"},"sceneLighting":false,"audioPlay":false,"sceneViewState":{"showFog":true,"showMaterialUpdate":false,"showSkybox":false,"showFlares":true,"showImageEffects":true,"showParticleSystems":true},"in2DMode":false,"pivot":{"x":7.520536422729492,"y":-4.6202392578125,"z":4.0601043701171879},"rotation":{"x":-0.010922446846961975,"y":-0.6946492791175842,"z":0.7192704677581787,"w":-0.010646224953234196},"size":118.78679656982422,"orthographic":false}