{"cameraMode":{"drawMode":0,"name":"Shaded","section":"Shading Mode"},"sceneLighting":false,"audioPlay":false,"sceneViewState":{"showFog":true,"showMaterialUpdate":false,"showSkybox":false,"showFlares":true,"showImageEffects":true,"showParticleSystems":true},"in2DMode":false,"pivot":{"x":45.47836685180664,"y":4.463509559631348,"z":8.36160945892334},"rotation":{"x":0.4857544004917145,"y":-0.015463816002011299,"z":0.008588953875005246,"w":0.8739264607429504},"size":82.16075897216797,"orthographic":false}