{"cameraMode":{"drawMode":0,"name":"Shaded","section":"Shading Mode"},"sceneLighting":false,"audioPlay":false,"sceneViewState":{"showFog":true,"showMaterialUpdate":false,"showSkybox":false,"showFlares":true,"showImageEffects":true,"showParticleSystems":true},"in2DMode":false,"pivot":{"x":-14.451260566711426,"y":3.213226318359375,"z":-8.242496490478516},"rotation":{"x":-0.14690159261226655,"y":-0.7853288054466248,"z":0.5657852292060852,"w":-0.20395655930042268},"size":94.4611587524414,"orthographic":false}