{"cameraMode":{"drawMode":0,"name":"Shaded","section":"Shading Mode"},"sceneLighting":false,"audioPlay":false,"sceneViewState":{"showFog":true,"showMaterialUpdate":false,"showSkybox":false,"showFlares":true,"showImageEffects":true,"showParticleSystems":true},"in2DMode":false,"pivot":{"x":-7.419820308685303,"y":-0.22166061401367188,"z":1.5071353912353516},"rotation":{"x":0.7026397585868836,"y":0.05252627655863762,"z":-0.05220011621713638,"w":0.7077066898345947},"size":76.61750030517578,"orthographic":false}