{"cameraMode":{"drawMode":0,"name":"Shaded","section":"Shading Mode"},"sceneLighting":false,"audioPlay":false,"sceneViewState":{"showFog":true,"showMaterialUpdate":false,"showSkybox":false,"showFlares":true,"showImageEffects":true,"showParticleSystems":true},"in2DMode":false,"pivot":{"x":-12.87594223022461,"y":-39.524078369140628,"z":-13.773638725280762},"rotation":{"x":0.5044857859611511,"y":0.4954890310764313,"z":-0.5038991570472717,"w":0.4960760474205017},"size":231.62403869628907,"orthographic":false}