{"cameraMode":{"drawMode":0,"name":"Shaded","section":"Shading Mode"},"sceneLighting":false,"audioPlay":false,"sceneViewState":{"showFog":true,"showMaterialUpdate":false,"showSkybox":false,"showFlares":true,"showImageEffects":true,"showParticleSystems":true},"in2DMode":false,"pivot":{"x":-0.1948871612548828,"y":5.282747268676758,"z":-0.4330739974975586},"rotation":{"x":0.4857544004917145,"y":-0.015463816002011299,"z":0.008588953875005246,"w":0.8739264607429504},"size":66.17162322998047,"orthographic":false}