{"cameraMode":{"drawMode":0,"name":"Shaded","section":"Shading Mode"},"sceneLighting":true,"audioPlay":false,"sceneViewState":{"showFog":true,"showMaterialUpdate":false,"showSkybox":true,"showFlares":true,"showImageEffects":true,"showParticleSystems":true},"in2DMode":false,"pivot":{"x":-18.327281951904298,"y":-12.640108108520508,"z":89.15245056152344},"rotation":{"x":0.07809679210186005,"y":0.05806175246834755,"z":-0.004546842072159052,"w":0.9952710866928101},"size":141.58517456054688,"orthographic":false}