{"cameraMode":{"drawMode":0,"name":"Shaded","section":"Shading Mode"},"sceneLighting":false,"audioPlay":false,"sceneViewState":{"showFog":true,"showMaterialUpdate":false,"showSkybox":false,"showFlares":true,"showImageEffects":true,"showParticleSystems":true},"in2DMode":false,"pivot":{"x":-0.7915096282958984,"y":5.282747268676758,"z":0.5530309677124023},"rotation":{"x":0.326908141374588,"y":-0.49055513739585879,"z":0.20528319478034974,"w":0.7812574505805969},"size":226.96409606933595,"orthographic":false}