{"cameraMode":{"drawMode":0,"name":"Shaded","section":"Shading Mode"},"sceneLighting":false,"audioPlay":false,"sceneViewState":{"showFog":true,"showMaterialUpdate":false,"showSkybox":false,"showFlares":true,"showImageEffects":true,"showParticleSystems":true},"in2DMode":false,"pivot":{"x":49.999908447265628,"y":1.274749994277954,"z":126.99996185302735},"rotation":{"x":0.3706493675708771,"y":0.6025267243385315,"z":-0.37133127450942995,"w":0.6014284491539002},"size":105.8145980834961,"orthographic":false}