{"cameraMode":{"drawMode":0,"name":"Shaded","section":"Shading Mode"},"sceneLighting":false,"audioPlay":false,"sceneViewState":{"showFog":true,"showMaterialUpdate":false,"showSkybox":false,"showFlares":true,"showImageEffects":true,"showParticleSystems":true},"in2DMode":false,"pivot":{"x":-14.171607971191407,"y":-19.811309814453126,"z":5.453899383544922},"rotation":{"x":-0.5377087593078613,"y":-0.26751601696014407,"z":0.18490634858608247,"w":-0.7779116034507752},"size":247.33441162109376,"orthographic":false}