{"cameraMode":{"drawMode":0,"name":"Shaded","section":"Shading Mode"},"sceneLighting":false,"audioPlay":false,"sceneViewState":{"showFog":true,"showMaterialUpdate":false,"showSkybox":false,"showFlares":true,"showImageEffects":true,"showParticleSystems":true},"in2DMode":false,"pivot":{"x":0.0370025634765625,"y":1.274749994277954,"z":0.006659507751464844},"rotation":{"x":0.4857544004917145,"y":-0.015463816002011299,"z":0.008588953875005246,"w":0.8739264607429504},"size":162.61801147460938,"orthographic":false}