{"cameraMode":{"drawMode":0,"name":"Shaded","section":"Shading Mode"},"sceneLighting":false,"audioPlay":false,"sceneViewState":{"showFog":true,"showMaterialUpdate":false,"showSkybox":false,"showFlares":true,"showImageEffects":true,"showParticleSystems":true},"in2DMode":false,"pivot":{"x":103.00000762939453,"y":1.274749994277954,"z":126.99989318847656},"rotation":{"x":0.5044857859611511,"y":0.4954890310764313,"z":-0.5038991570472717,"w":0.4960760474205017},"size":105.81417846679688,"orthographic":false}