{"cameraMode":{"drawMode":0,"name":"Shaded","section":"Shading Mode"},"sceneLighting":false,"audioPlay":false,"sceneViewState":{"showFog":true,"showMaterialUpdate":false,"showSkybox":false,"showFlares":true,"showImageEffects":true,"showParticleSystems":true},"in2DMode":false,"pivot":{"x":-15.173118591308594,"y":-21.071182250976564,"z":-7.9867939949035648},"rotation":{"x":-0.393411785364151,"y":0.6062475442886353,"z":-0.4751953184604645,"w":-0.501899778842926},"size":141.75418090820313,"orthographic":false}