{"cameraMode":{"drawMode":0,"name":"Shaded","section":"Shading Mode"},"sceneLighting":false,"audioPlay":false,"sceneViewState":{"showFog":true,"showMaterialUpdate":false,"showSkybox":false,"showFlares":true,"showImageEffects":true,"showParticleSystems":true},"in2DMode":false,"pivot":{"x":18.41718292236328,"y":-6.346166610717773,"z":-26.299591064453126},"rotation":{"x":-0.15410567820072175,"y":0.6891130805015564,"z":-0.15357232093811036,"w":-0.6912639737129211},"size":38.62909698486328,"orthographic":false}