{"cameraMode":{"drawMode":0,"name":"Shaded","section":"Shading Mode"},"sceneLighting":false,"audioPlay":false,"sceneViewState":{"showFog":true,"showMaterialUpdate":false,"showSkybox":false,"showFlares":true,"showImageEffects":true,"showParticleSystems":true},"in2DMode":false,"pivot":{"x":12.007659912109375,"y":25.31720733642578,"z":-0.9307537078857422},"rotation":{"x":0.052392687648534778,"y":-0.8763644099235535,"z":0.0979507565498352,"w":0.46868595480918887},"size":96.02352142333985,"orthographic":false}