{"cameraMode":{"drawMode":0,"name":"Shaded","section":"Shading Mode"},"sceneLighting":true,"audioPlay":false,"sceneViewState":{"showFog":true,"showMaterialUpdate":false,"showSkybox":true,"showFlares":true,"showImageEffects":true,"showParticleSystems":true},"in2DMode":false,"pivot":{"x":-65.08723449707031,"y":2.398935317993164,"z":2.9322662353515627},"rotation":{"x":-0.10918115824460983,"y":-0.08577584475278855,"z":0.009456845000386238,"w":-0.9902732372283936},"size":109.3018569946289,"orthographic":false}